full_name,stars,forks,language,created_at,description,url
JunMa11/SegLossOdyssey,4008,611,Python,2019-05-30T15:25:37Z,A collection of loss functions for medical image segmentation,https://github.com/JunMa11/SegLossOdyssey
Beckschen/TransUNet,3206,585,Python,2021-02-08T06:12:54Z,"This repository includes the official project of TransUNet, presented in our paper: TransUNet: Transformers Make Strong Encoders for Medical Image Segmentation.",https://github.com/Beckschen/TransUNet
HiLab-git/SSL4MIS,2655,423,Python,2020-09-25T03:39:19Z,"Semi Supervised Learning for Medical Image Segmentation, a collection of literature reviews and code implementations.",https://github.com/HiLab-git/SSL4MIS
HuCaoFighting/Swin-Unet,2402,363,Python,2021-05-03T07:37:40Z,"[ECCVW 2022] The codes for the work ""Swin-Unet: Unet-like Pure Transformer for Medical Image Segmentation""",https://github.com/HuCaoFighting/Swin-Unet
ellisdg/3DUnetCNN,2209,668,Python,2017-02-01T19:24:34Z,Pytorch 3D U-Net Convolution Neural Network (CNN) designed for medical image segmentation,https://github.com/ellisdg/3DUnetCNN
ozan-oktay/Attention-Gated-Networks,2061,435,Python,2018-04-02T21:50:07Z,Use of Attention Gates in a Convolutional Neural Network / Medical Image Classification and Segmentation,https://github.com/ozan-oktay/Attention-Gated-Networks
black0017/MedicalZooPytorch,1911,305,Python,2019-07-23T11:00:46Z,A pytorch-based deep learning framework for multi-modal 2D/3D medical image segmentation,https://github.com/black0017/MedicalZooPytorch
JunMa11/SOTA-MedSeg,1678,204,,2017-05-06T15:56:19Z,SOTA medical image segmentation methods based on various challenges,https://github.com/JunMa11/SOTA-MedSeg
YichiZhang98/SAM4MIS,1107,79,,2023-04-26T17:47:57Z,Segment Anything Model for Medical Image Segmentation:  Open-Source Project Summary,https://github.com/YichiZhang98/SAM4MIS
uni-medical/SAM-Med3D,931,119,Python,2023-10-23T15:41:07Z,SAM-Med3D: An Efficient General-purpose Promptable Segmentation Model for 3D Volumetric Medical Image,https://github.com/uni-medical/SAM-Med3D
ANTsX/ANTsPy,875,179,Python,2017-08-28T18:00:57Z,"A fast medical imaging analysis library in Python with algorithms for registration, segmentation, and more.",https://github.com/ANTsX/ANTsPy
jeya-maria-jose/Medical-Transformer,862,176,Python,2021-02-14T03:00:14Z,"Official Pytorch Code for ""Medical Transformer: Gated Axial-Attention for Medical Image Segmentation"" - MICCAI 2021",https://github.com/jeya-maria-jose/Medical-Transformer
JCruan519/VM-UNet,853,53,Python,2024-02-04T09:52:28Z,"(ACM TOMM) This is the official code repository for ""VM-UNet: Vision Mamba UNet for Medical Image Segmentation"".",https://github.com/JCruan519/VM-UNet
rezazad68/BCDU-Net,786,277,Python,2019-06-22T10:59:00Z,BCDU-Net : Medical Image Segmentation,https://github.com/rezazad68/BCDU-Net
AngeLouCN/Min_Max_Similarity,763,250,Python,2022-03-29T01:26:59Z,A contrastive learning based semi-supervised segmentation network for medical image segmentation,https://github.com/AngeLouCN/Min_Max_Similarity
mattmacy/vnet.pytorch,752,202,Python,2017-03-08T04:13:12Z,A PyTorch implementation for V-Net: Fully Convolutional Neural Networks for Volumetric Medical Image Segmentation,https://github.com/mattmacy/vnet.pytorch
hitachinsk/SAMed,610,60,Python,2023-04-17T09:06:03Z,"The implementation of the technical report: ""Customized Segment Anything Model for Medical Image Segmentation""",https://github.com/hitachinsk/SAMed
JJGO/UniverSeg,587,59,Python,2023-03-30T16:09:53Z,UniverSeg: Universal Medical Image Segmentation,https://github.com/JJGO/UniverSeg
microsoft/InnerEye-DeepLearning,583,145,Python,2020-04-29T09:15:05Z,Medical Imaging Deep Learning library to train and deploy 3D segmentation models on Azure Machine Learning,https://github.com/microsoft/InnerEye-DeepLearning
ge-xing/SegMamba,567,47,Python,2024-01-23T08:08:08Z,SegMamba: Long-range Sequential Modeling Mamba For 3D Medical Image Segmentation,https://github.com/ge-xing/SegMamba
jeya-maria-jose/UNeXt-pytorch,567,84,Python,2022-03-08T15:57:29Z,"Official Pytorch Code base for ""UNeXt: MLP-based Rapid Medical Image Segmentation Network"", MICCAI 2022",https://github.com/jeya-maria-jose/UNeXt-pytorch
CUHK-AIM-Group/U-KAN,543,70,Python,2024-06-04T03:29:46Z,[AAAI' 25] U-KAN Makes Strong Backbone for Medical Image Segmentation and Generation,https://github.com/CUHK-AIM-Group/U-KAN
Amshaker/unetr_plus_plus,529,59,Python,2022-12-09T00:14:49Z,[IEEE TMI-2024] UNETR++: Delving into Efficient and Accurate 3D Medical Image Segmentation,https://github.com/Amshaker/unetr_plus_plus
MIC-DKFZ/MedNeXt,512,67,Python,2023-06-13T15:24:20Z,[MICCAI 2023] MedNeXt is a fully ConvNeXt architecture for 3D medical image segmentation.,https://github.com/MIC-DKFZ/MedNeXt
WZH0120/SAM2-UNet,511,58,Python,2024-08-15T18:54:36Z,[VINT 2026] SAM2-UNet: Segment Anything 2 Makes Strong Encoder for Natural and Medical Image Segmentation,https://github.com/WZH0120/SAM2-UNet
cheng-01037/Self-supervised-Fewshot-Medical-Image-Segmentation,470,53,Python,2020-09-06T09:32:44Z,[ECCV'20] Self-supervision with Superpixels: Training Few-shot Medical Image Segmentation without Annotation (code&data-processing pipeline),https://github.com/cheng-01037/Self-supervised-Fewshot-Medical-Image-Segmentation
sinAshish/Multi-Scale-Attention,465,95,Python,2019-06-06T13:04:46Z,"[JBHI] Code for our paper ""Multi-scale Guided Attention for Medical Image Segmentation""",https://github.com/sinAshish/Multi-Scale-Attention
Rubics-Xuan/TransBTS,446,94,Python,2021-03-05T10:43:04Z,"This repo provides the official code for : 1) TransBTS: Multimodal Brain Tumor Segmentation Using Transformer (https://arxiv.org/abs/2103.04430) , accepted by MICCAI2021.  2) TransBTSV2: Towards Better and More Efficient Volumetric Segmentation of Medical Images(https://arxiv.org/abs/2201.12785).",https://github.com/Rubics-Xuan/TransBTS
MrBlankness/LightM-UNet,441,38,Python,2024-03-08T03:52:51Z,"Pytorch implementation of ""LightM-UNet: Mamba Assists in Lightweight UNet for Medical Image Segmentation""",https://github.com/MrBlankness/LightM-UNet
Xiaoqi-Zhao-DLUT/MSNet-M2SNet,441,15,Python,2021-06-16T11:32:10Z,(MICCAI 2021 [MSNet] & MICCAI 2022 GOALS Challenge [M2SNet]) Multi-scale in Multi-scale Subtraction Network for Medical Image Segmentation,https://github.com/Xiaoqi-Zhao-DLUT/MSNet-M2SNet
pyushkevich/itksnap,437,122,C++,2014-04-23T06:46:21Z,ITK-SNAP medical image segmentation tool,https://github.com/pyushkevich/itksnap
frankkramer-lab/MIScnn,424,118,Python,2019-05-09T14:53:48Z,A framework for Medical Image Segmentation with Convolutional Neural Networks and Deep Learning,https://github.com/frankkramer-lab/MIScnn
databricks-industry-solutions/pixels,417,128,JavaScript,2022-11-10T21:12:59Z,"Facilitates simple large scale processing of HLS Medical images, documents, zip files. OHIF Viewer, 2 segmentation models and interactive learning.",https://github.com/databricks-industry-solutions/pixels
xamyzhao/brainstorm,404,89,Python,2019-02-01T18:42:08Z,"Implementation of ""Data augmentation using learned transforms for one-shot medical image segmentation""",https://github.com/xamyzhao/brainstorm
arnab39/FewShot_GAN-Unet3D,399,80,Python,2018-07-26T16:22:09Z,Tensorflow implementation of our paper: Few-shot 3D Multi-modal Medical Image Segmentation using Generative Adversarial Learning,https://github.com/arnab39/FewShot_GAN-Unet3D
HUANGLIZI/LViT,389,40,Python,2022-03-10T08:49:09Z,"[IEEE Transactions on Medical Imaging/TMI 2023] This repo is the official implementation of ""LViT: Language meets Vision Transformer in Medical Image Segmentation""",https://github.com/HUANGLIZI/LViT
BAAI-DCAI/SegVol,383,38,Python,2023-11-10T08:25:37Z,"The official code for ""SegVol: Universal and Interactive Volumetric Medical Image Segmentation"".",https://github.com/BAAI-DCAI/SegVol
uni-medical/STU-Net,370,38,Python,2023-04-12T13:17:40Z,"The largest pre-trained medical image segmentation model (1.4B parameters) based on the largest public dataset (>100k annotations), up until April 2023.",https://github.com/uni-medical/STU-Net
yifangao112/Camyla,351,41,Python,2026-04-12T19:53:13Z,Scaling Autonomous Research in Medical Image Segmentation,https://github.com/yifangao112/Camyla
ayush1997/Xvision,303,124,Python,2017-01-02T11:56:15Z,Chest Xray image analysis using Deep learning !,https://github.com/ayush1997/Xvision
snapfinger/pancreas-seg,62,19,Python,2018-04-05T01:50:08Z,Pancreas Segmentation in Abdominal CT Scans with Convolutional Neural Network,https://github.com/snapfinger/pancreas-seg
ZauggGroup/DeePiCt,41,12,Python,2022-01-07T01:00:59Z,"Pipeline for the automatic detection and segmentation of particles and cellular structures in 3D Cryo-ET data, based on deep learning (convolutional neural networks).",https://github.com/ZauggGroup/DeePiCt
NUHS-NUS-SpineAI/SpineAI-Detect-Classify-LumbarMRI-Stenosis,36,10,Python,2021-01-25T07:19:53Z,"Code for 2020 November Radiology Submission ""Deep Learning Model for Automated Detection and Classification of Central Canal, Lateral Recess, and Neural Foraminal Stenosis at Lumbar Spine MRI""",https://github.com/NUHS-NUS-SpineAI/SpineAI-Detect-Classify-LumbarMRI-Stenosis
NIH-MIP/Radiology_Image_Preprocessing_for_Deep_Learning,31,8,Python,2020-11-06T16:10:25Z,A Quick Guide on Radiology Image Pre-processing for Deep Learning Applications in Prostate Cancer Research,https://github.com/NIH-MIP/Radiology_Image_Preprocessing_for_Deep_Learning
aniketkt/CTSegNet,27,7,Jupyter Notebook,2020-03-03T19:25:34Z,CTSegNet is an end-to-end 3D segmentation package for large X-ray tomographic datasets using 2D fully convolutional neural networks (fCNN).,https://github.com/aniketkt/CTSegNet
yilmaz0734/BrainCTImageStrokeDetection-Segmentation,26,6,Jupyter Notebook,2021-09-26T14:02:40Z,"This project firstly aims to classify brain CT images using convolutional neural networks. In the second stage, the task is segmentation with Unet.",https://github.com/yilmaz0734/BrainCTImageStrokeDetection-Segmentation
heudiasyc/Evidential-neural-network-for-lymphoma-segmentation,26,1,Python,2022-01-30T18:43:08Z,"Code for paper ""Lymphoma segmentation from 3D PET-CT images using a deep evidential network""",https://github.com/heudiasyc/Evidential-neural-network-for-lymphoma-segmentation
edaaydinea/Pneumonia-Detection-on-Chest-Xray-Images-with-Deep-Leaning,22,6,Jupyter Notebook,2021-11-24T15:39:03Z,This repository includes pneumonia detection on Chest X-ray Images by using Deep Learning(Keras).,https://github.com/edaaydinea/Pneumonia-Detection-on-Chest-Xray-Images-with-Deep-Leaning
HiLab-git/SepNet,20,10,Python,2020-04-06T13:12:57Z,Code for Automatic Segmentation of Organs-at-Risk from Head-and-Neck CT using Separable Convolutional Neural Network with Hard-Region-Weighted Loss.,https://github.com/HiLab-git/SepNet
Mohitasudani/Segthor19-using-ResU-net,20,8,Jupyter Notebook,2019-07-17T04:39:37Z,"The recent advances in the field of computer vision has led to the wide use of Convolutional Neural Networks (CNNs) in organ segmentation of computed tomography (CT) images. Image guided radiation therapy requires the accurate segmentation of organs at risk (OARs). In this paper, we propose a 2D U-Net network to automatically segment thoracic organs at risk in computed tomography (CT) images. The architecture consists of a down sampling path to capture features and a symmetric up sampling path to obtain precise localization. SegTHOR19 is a competition timed to the conference IEEE ISBI 2019 that addresses the problem of organs at risk segmentation in Computed Tomography (CT) images. In the SegTHOR19 challenge, 40 CT scans with 4 thoracic organs (i.e., esophagus, heart, trachea and aorta) were used for training [1]. We experimented with both 2D U-net and 2D U-Net with Resnet18 architecture to train the networks. Our best results were obtained by using 2D Convolutional U-Net with ResNet18.",https://github.com/Mohitasudani/Segthor19-using-ResU-net
thevishalagarwal/BoneAgeEstimation,19,5,Python,2017-10-29T07:05:44Z,Deep Learning aproach for estimating bone age from hand x-ray images,https://github.com/thevishalagarwal/BoneAgeEstimation
aimi-bonn/Deeplasia,19,5,Jupyter Notebook,2022-06-23T08:17:27Z,Prior-free deep learning for pediatric bone age assessment robust to skeletal dysplasias,https://github.com/aimi-bonn/Deeplasia
edaaydinea/Chest-Xray-Image-Classification-by-using-PyTorch-CNN,18,3,Jupyter Notebook,2020-12-25T22:44:08Z,The repository includes my project for Deep Learning with PyTorch: Zero to GANs is Chest X-Ray Image Classification (Pneumonia) which I obtained from the Kaggle - Chest X-Ray Dataset.,https://github.com/edaaydinea/Chest-Xray-Image-Classification-by-using-PyTorch-CNN
robot010/Medical-Image-Processing,17,8,Jupyter Notebook,2017-10-25T02:44:06Z,Image Processing with Deep Learning at Computational Radiology Lab,https://github.com/robot010/Medical-Image-Processing
inuwamobarak/chest-xray-pneumonia-detection,17,11,Jupyter Notebook,2022-12-17T12:28:34Z,Pneumonia identification from chest x-ray images using deep learning algorithms Used transfer learning techniques to develop an artificial intelligence system.,https://github.com/inuwamobarak/chest-xray-pneumonia-detection
mdalmas/covid19_xray_detection,17,10,Jupyter Notebook,2020-04-28T03:22:12Z,"Detecting Covid 19 in a person using PA Chest X-ray images, Using Deep-learning & Tensorflow",https://github.com/mdalmas/covid19_xray_detection
abhisuri97/SpineTK,16,1,Python,2021-07-28T04:26:11Z,"Spine Toolkit: A Neural Network for Finding Keypoints and Creating Segmentations of the Spine on MR, CT, and X-Ray",https://github.com/abhisuri97/SpineTK
Hzzone/Bone-Age-Assessment,15,7,JavaScript,2017-06-06T16:09:39Z,Deep Learning and Training dicom file with Caffe and Regression Prediction by age label.,https://github.com/Hzzone/Bone-Age-Assessment
linhduongtuan/Covid-19_Xray_Classifier,13,7,Jupyter Notebook,2020-04-25T12:41:10Z,"Demo diagnosis tools for Covid-19 Chest Xray. This repo is implemented to our paper ""Automatic detection of Covid-19 from chest X-ray and lung computed tomography images using deep neural networks and transfer learning"" on ASOC",https://github.com/linhduongtuan/Covid-19_Xray_Classifier
fitushar/multi-label-weakly-supervised-classification-of-body-ct,12,3,Python,2021-05-05T14:15:21Z,A rule-based algorithm enabled the automatic extraction of disease labels from tens of thousands of radiology reports. These weak labels were used to create deep learning models to classify multiple diseases for three different organ systems in body CT.,https://github.com/fitushar/multi-label-weakly-supervised-classification-of-body-ct
alimoezzi/ReportQL,11,3,Jupyter Notebook,2022-09-13T20:26:31Z,Code and dataset for paper - Application of Deep Learning in Generating Structured Radiology Reports: A Transformer-Based Technique,https://github.com/alimoezzi/ReportQL
MAI-Lab-West-China-Hospital/adrenal_segmentation,11,2,Python,2021-08-13T01:52:06Z,"This is the official implementation of ""An optimized two-stage cascaded deep neural network for adrenal segmentation on CT images"".",https://github.com/MAI-Lab-West-China-Hospital/adrenal_segmentation
maruthi1986/Lung-Cancer-Classification,11,3,MATLAB,2021-04-01T06:54:54Z,"The primary goal of developing a smart city is to enhance the quality of lives of its citizens by providing infrastructure and offering smart healthcare. Smart Healthcare plays a significant role in achieving this objective of developing smart cities. Here, in this proposal our objective is to develop a smart health care system which uses artificial intelligence for the development of a decision support system in the medical field for the detection and segmentation of lung cancer. The proposed system is consisting of two phases, First phase will be consisting of various stages like Pre-processing, feature extraction, feature selection, classification and finally segmentation of the tumor. Input CT image is sent through the pre-processing phase where noise removal will be taken care and then texture features are extracted from the pre-processed image, and in the next stage features will be selected by making use of Crow Search Optimization Algorithm, later Artificial Neural Network is used for the classification of the normal lung images from abnormal images. Finally, abnormal images will be processed through the Fuzzy K-Means algorithm for segmenting the tumors separately. In the second phase, SVM classifier is used for the reduction of false positives. This methodology delivers a 96% of accuracy, 100% specificity and sensitivity of 99%. The accuracy of the decision taken by the Smart Health Care System exceed when compared to the accuracy of the decision taken by the doctors.",https://github.com/maruthi1986/Lung-Cancer-Classification
BolinSong1995/SMuRF_MultiModal_OPSCC,10,2,Jupyter Notebook,2024-09-08T20:51:30Z,The code repo for Multimodal deep learning fusion of radiology and pathology.,https://github.com/BolinSong1995/SMuRF_MultiModal_OPSCC
AiAiHealthcare/AiAiHealthcare.github.io,10,4,JavaScript,2016-08-25T01:00:08Z,AiAi code-charity project for Cancer and Tuberculosis screening in Radiology Chest X-Rays (PA - CXR) using Deep Learning powered CAD algorithms.  Come join our all-volunteer team to improve the healthcare in emerging nations!,https://github.com/AiAiHealthcare/AiAiHealthcare.github.io
yonycherkos/lung-disease-detection-from-chest-xray,10,2,Python,2019-10-29T08:56:29Z,The goal of this project to build a web and mobile app which will diagnose lung diseases from chest x-ray image using deep learning. It will also guide radiologists to make fast and accurate diagnose by segmented and showing heat-map of the chest X-Ray images prior to classifying them.,https://github.com/yonycherkos/lung-disease-detection-from-chest-xray
Rakshana96/An-Enhancement-in-Detection-of-Brain-Tumor-through-Image-Fusion-and-ANN-,10,3,MATLAB,2021-11-14T11:48:17Z,"Medical image fusion is the process of combining two different modality images into a single image. The resultant image can help the physicians to extract features that may not be easily identifiable in an individual modality images. This paper aims to demonstrate an efficient method for detection of brain tumor from CT and MRI images of the brain, by applying image fusion, segmentation, feature extraction and classification. Initially, the source images are decomposed into low-level sub-band and high level sub-band by Discrete Wavelet Transform (DWT). The fused low level sub-band and high level sub-band are reconstructed to form the final fused image using Inverse Discrete Wavelet Transform (IDWT). Parameter analysis is done on the fused image. The fused image is then segmented using Otsu’s thresholding operation and the texture features are extracted forms the Grey Level Co-occurrence Matrix (GLCM) technique. Finally, the extracted feature is provided to Adaptive Neural Network (ANN) classifier to identify and predict the nature of the tumor. Further this proposed method gives an accuracy of 93.5% for 12 samples of MRI and CT images each.",https://github.com/Rakshana96/An-Enhancement-in-Detection-of-Brain-Tumor-through-Image-Fusion-and-ANN-
CCIG-Champalimaud/adell-mri,9,0,Python,2023-06-06T17:30:45Z,"A deep learning model and training/testing/inference library in PyTorch for segmentation, classification, object detection and self-supervised learning using radiology data.",https://github.com/CCIG-Champalimaud/adell-mri
tana0101/Hip-Joint-Keypoint-Detection,9,0,Python,2024-10-30T09:49:31Z,"A research-oriented deep learning pipeline for automatic hip joint keypoint detection, acetabular index angle measurement, and IHDI classification to assist the assessment of developmental dysplasia of the hip (DDH) from pediatric X-ray images.",https://github.com/tana0101/Hip-Joint-Keypoint-Detection
mazurowski-lab/radiologyintrinsicmanifolds,8,0,Jupyter Notebook,2022-06-17T18:32:31Z,"(MICCAI 2022) Code for ""The Intrinsic Manifolds of Radiological Images and their Role in Deep Learning"" (intrinsic dimensions)",https://github.com/mazurowski-lab/radiologyintrinsicmanifolds
saaamxzy/FractureDetection,7,2,Python,2017-07-12T19:11:40Z,"This program aims to propose a region of interest for radiologic diagnosis. To be more specific, for each input X-Ray image, it outputs a image with a region highlighted. That region is supposed to suggest useful region of an X-Ray(part that shows bone structures). This could be useful for deep learning purposes specialized in fracture detection networks.",https://github.com/saaamxzy/FractureDetection
kperkins411/MXNet-Chest-XRay-Evaluation,7,3,Python,2017-04-20T03:54:14Z,Chest Xray analysis using transfer learning and pretrained Convolutional Neural Nets. Written in python for MxNet deep learning framework.,https://github.com/kperkins411/MXNet-Chest-XRay-Evaluation
ushashwat/Chest-XRay-Pneumonia-Detection,7,2,Jupyter Notebook,2020-02-10T22:56:34Z,Pneumonia Detection on Chest X-Rays with Deep Learning,https://github.com/ushashwat/Chest-XRay-Pneumonia-Detection
devindatt/covid19-chest_xrays-analysis,7,2,Python,2020-03-20T15:07:49Z,Trained a deep learning model using Keras and TensorFlow to predict COVID-19 in chest X-rays of patients.,https://github.com/devindatt/covid19-chest_xrays-analysis
beingaryan/Chest-Xray-Pneumonia-Prediction,7,0,Jupyter Notebook,2021-03-22T13:18:46Z,"Chest-Xray-Pneumonia-Prediction built with OpenCV, Keras/TensorFlow using Deep Learning and Computer Vision concepts.",https://github.com/beingaryan/Chest-Xray-Pneumonia-Prediction
pooriya-jamie/IU-Xray-Report-Generation,7,0,Jupyter Notebook,2024-06-13T16:50:26Z,IU-Xray-Report-Generation is a project aimed at generating medical reports from chest X-ray images. The project leverages advanced deep learning techniques to automatically interpret X-ray images and produce comprehensive and accurate reports.,https://github.com/pooriya-jamie/IU-Xray-Report-Generation
LeadingIndiaAI/Liver-Tumor-Segmentation,7,3,Python,2019-07-25T05:42:41Z,In this research we concentrate on the different algorithm of machine learning and deep learning. Computed tomography (CT) scan images used for the research .for the implementation of the liver tumor segmentation we used convolution neural network algorithm like U-Net and V-Net. We processed our experiment on liver tumor segmentation (LiTS) dataset and evaluate segmentation of CT scan images.,https://github.com/LeadingIndiaAI/Liver-Tumor-Segmentation
qingsenyangit/COVID-SegNet,7,0,,2020-04-11T14:14:33Z,COVID-19 Chest CT Image Segmentation — A Deep Convolutional Neural Network Solution,https://github.com/qingsenyangit/COVID-SegNet
jasonfelix23/Liver-Tumor-detection,7,2,HTML,2021-10-26T07:16:23Z,"we created a totally automatic method for liver tumor segmentation in CT images using a 2D convolutional deep neural network to beat all of the primary issues and we have used a pyramid- based UNET model and short skip connections for fast and precise segmentation of images which will be helpful for the early detection of tumor in a human’s body Conclusively, deep learning and image processing techniques are adopted to develop a liver CT scan segmentation.",https://github.com/jasonfelix23/Liver-Tumor-detection
Giammarco07/DeePRAC_project,7,0,Python,2023-02-14T10:45:59Z,"Learning anatomical digital twins in pediatric 3D imaging for renal cancer surgery. A project of LTCI-Télécom Paris (IPP), LIP6-Sorbonne Université, IMAG2-Necker hospital-Imagine and Philips Research France. PhD project of Giammarco La Barbera",https://github.com/Giammarco07/DeePRAC_project
DLinRadiology/First_model_chest_x-ray_classification,6,2,Jupyter Notebook,2017-07-03T18:46:16Z,First attempt at a deep learning application for radiology. For learning purposes.,https://github.com/DLinRadiology/First_model_chest_x-ray_classification
iamrommelc/COVID-19-classification-using-deep-learning,6,1,Python,2020-06-10T05:57:30Z,Project revolves around the classification of COVID-19 related pneumonia from other respiratory diseases by the analysis of radiology images of the human lung and the application of transfer learning approach.,https://github.com/iamrommelc/COVID-19-classification-using-deep-learning
i-pan/boneage,6,1,Python,2020-03-01T23:11:44Z,Code and models for automated pediatric bone age evaluation with deep learning,https://github.com/i-pan/boneage
pazadeh/BAAM,6,0,Python,2018-11-06T16:36:30Z,A deep learning-based Bone Age Assessment Model (BAAM),https://github.com/pazadeh/BAAM
yasserhessein/deep-learning-classification-mammographic-mass,5,1,Jupyter Notebook,2020-11-25T18:46:58Z,"Data Set Information:  Mammography is the most effective method for breast cancer screening available today. However, the low positive predictive value of breast biopsy resulting from mammogram interpretation leads to approximately 70% unnecessary biopsies with benign outcomes. To reduce the high number of unnecessary breast biopsies, several computer-aided diagnosis (CAD) systems have been proposed in the last years.These systems help physicians in their decision to perform a breast biopsy on a suspicious lesion seen in a mammogram or to perform a short term follow-up examination instead. This data set can be used to predict the severity (benign or malignant) of a mammographic mass lesion from BI-RADS attributes and the patient's age. It contains a BI-RADS assessment, the patient's age and three BI-RADS attributes together with the ground truth (the severity field) for 516 benign and 445 malignant masses that have been identified on full field digital mammograms collected at the Institute of Radiology of the University Erlangen-Nuremberg between 2003 and 2006. Each instance has an associated BI-RADS assessment ranging from 1 (definitely benign) to 5 (highly suggestive of malignancy) assigned in a double-review process by physicians. Assuming that all cases with BI-RADS assessments greater or equal a given value (varying from 1 to 5), are malignant and the other cases benign, sensitivities and associated specificities can be calculated. These can be an indication of how well a CAD system performs compared to the radiologists.  Class Distribution: benign: 516; malignant: 445",https://github.com/yasserhessein/deep-learning-classification-mammographic-mass
akhill10/Chest-XRay-Vision,5,1,Jupyter Notebook,2018-12-30T16:44:46Z,Chest Xray image Classification using Deep learning using Pytorch ~,https://github.com/akhill10/Chest-XRay-Vision
sorna-fast/tb-chest-xray-classifier,5,1,Jupyter Notebook,2025-10-07T20:20:21Z,TB Chest X-Ray Classifier - Deep learning model for Tuberculosis detection  using CNN architecture with 99.5% accuracy and 0.999 AUC score.,https://github.com/sorna-fast/tb-chest-xray-classifier
zhugoldman/CNN-segmentation-for-Lung-cancer-OARs,5,3,Python,2018-06-12T08:41:10Z,a deep convolutional neural network (CNN)-based automatic segmentation technique was applied to the multiple organs at risk (OARs) in CT images of lung cancer,https://github.com/zhugoldman/CNN-segmentation-for-Lung-cancer-OARs
alankrit-01/COVID-19-CT-Scan,5,2,Jupyter Notebook,2021-05-12T18:19:48Z,Training a pixel segmentation neural network for classification of Covid19 lung CT-scans using UNET implemented in Tensorflow and Keras.,https://github.com/alankrit-01/COVID-19-CT-Scan
RichardChangCA/Deep-Contrastive-Metric-Learning-Method-to-Detect-Polymicrogyria-in-Pediatric-Brain-MRI,5,0,Jupyter Notebook,2022-08-07T16:07:46Z,[Journal Paper: Computerized Medical Imaging and Graphics] A Novel Center-based Deep Contrastive Metric Learning Method for the Detection of Polymicrogyria in Pediatric Brain MRI,https://github.com/RichardChangCA/Deep-Contrastive-Metric-Learning-Method-to-Detect-Polymicrogyria-in-Pediatric-Brain-MRI
eipm/ai-biopsy,4,10,Python,2019-05-30T19:41:22Z,Biopsy-free prediction of prostate cancer aggressiveness using deep learning and radiology imaging,https://github.com/eipm/ai-biopsy
JasonW375/Chest-OMDL,4,0,,2025-05-31T07:21:20Z,[MIDL 2025] Chest-OMDL: Organ-specific Multidisease Detection and Localization in Chest Computed Tomography using Weakly Supervised Deep Learning from Free-text Radiology Report,https://github.com/JasonW375/Chest-OMDL
rohithaug/sepsis-prediction,4,0,Jupyter Notebook,2022-12-01T19:43:28Z,Predict sepsis using structured data of patients who were admitted to the ICU along with their radiology reports using Deep Learning Models (CNN and LSTM),https://github.com/rohithaug/sepsis-prediction
dheerajsharma0401/Chest-Xrays-Pneumonia-Prediction,4,0,Jupyter Notebook,2021-06-26T12:11:58Z,"Chest-Xray-Pneumonia-Prediction built with OpenCV, Keras/TensorFlow using Deep Learning and Computer Vision concepts.",https://github.com/dheerajsharma0401/Chest-Xrays-Pneumonia-Prediction
benjnkns/Automatic-Organ-Segmentation,4,1,Matlab,2017-05-23T21:15:35Z,Automatic organ segmentation from CT scans with the use of generative adversarial neural networks and transfer learning of of existing neural networks.,https://github.com/benjnkns/Automatic-Organ-Segmentation
Deep-Learning-Reproduction-150/organ-segmentation,4,0,Jupyter Notebook,2022-02-28T11:42:30Z,A Novel Hybrid Convolutional Neural Network for Accurate Organ Segmentation  in 3D Head and Neck CT Images,https://github.com/Deep-Learning-Reproduction-150/organ-segmentation
afeizqf/LCOVNet,4,1,Python,2021-01-20T02:25:58Z,LCOV-NET: A LIGHTWEIGHT NEURAL NETWORK FOR COVID-19 PNEUMONIA LESION SEGMENTATION FROM 3D CT IMAGES,https://github.com/afeizqf/LCOVNet
karelbecerra/sam-x-ray-medical-images-hand-sex-classification,4,1,Jupyter Notebook,2024-12-09T14:57:29Z,Deep learning and segmentation in sex classification from left hand X-ray images in pediatric patients: how zero-shot Segment Anything Model (SAM) can improve medical image analysis,https://github.com/karelbecerra/sam-x-ray-medical-images-hand-sex-classification
dani-capellan/pTB_LungRegionExtractor,4,0,Python,2022-03-15T16:54:53Z,Multi-view deep learning-based solution that extracts lung and mediastinal regions of interest from pediatric CXR images where key TB findings may be present.,https://github.com/dani-capellan/pTB_LungRegionExtractor
bryanoliveira/bone-age-regression,4,1,Python,2020-01-16T23:04:28Z,A Deep Learning approach to solve the bone age regression problem.,https://github.com/bryanoliveira/bone-age-regression
nki-radiology/Frida,3,0,Python,2021-10-22T10:45:12Z,Collection of functions for medical image pre-processing and deep learning,https://github.com/nki-radiology/Frida
dani-capellan/pTBLightNet,3,0,Python,2025-02-13T12:24:19Z,"Official repository for pTBLightNet, a multi-view deep learning framework designed to detect pediatric pulmonary TB by identifying TB-compatible CXRs with consistent radiological findings.",https://github.com/dani-capellan/pTBLightNet
codeperfectplus/Covid19-Xray-image-Detection,3,2,Python,2021-08-06T09:36:13Z,Deep Learning and AI Enthusiasts to contribute to improving COVID-19 detection using just Chest X-rays.,https://github.com/codeperfectplus/Covid19-Xray-image-Detection
habbes/chest-xrays,3,1,Jupyter Notebook,2019-06-11T22:31:43Z,Chest X rays diagnosis using deep learning. Based on CheXpert data: https://stanfordmlgroup.github.io/competitions/chexpert/,https://github.com/habbes/chest-xrays
Ali-hey-0/radiography-xray-classifier,3,0,Jupyter Notebook,2025-08-30T12:05:50Z,"An advanced AI-powered web application for analyzing chest X-ray images to detect COVID-19, Normal, Lung Opacity, and Viral Pneumonia conditions using deep learning and Grad-CAM visualization.",https://github.com/Ali-hey-0/radiography-xray-classifier
rmit-medical-radiations/HFLung-segmentation,3,0,Jupyter Notebook,2023-09-15T07:42:39Z,"Code for our paper ""CT Ventilation Images Produced by a 3D Neural Network Show Improvement Over the Jacobian and HU DIR-Based Methods to Predict Quantised Lung Function"".",https://github.com/rmit-medical-radiations/HFLung-segmentation
ardranirwan28/bone-age-assessment,3,0,Jupyter Notebook,2026-03-21T12:47:42Z,Bone Age Assessment project using deep learning from hand x-rays,https://github.com/ardranirwan28/bone-age-assessment
abdm149/GraduationProject,3,0,Python,2023-05-19T10:25:35Z,This repository contains the code and resources for my graduation project on bone age estimation. The project focuses on developing a deep learning-based system to accurately estimate the skeletal maturity of individuals based on their hand X-ray images.,https://github.com/abdm149/GraduationProject
rajathpi/automatic-report-generator,2,2,Jupyter Notebook,2022-05-31T01:14:09Z,Automatic Medical Report Generation from Radiology Chest X-Ray using Deep learning strategy.,https://github.com/rajathpi/automatic-report-generator
CS-598-Deep-Learning-for-Healthcare/Onprem-Radiology-Anomaly-Classification,2,0,Python,2025-11-13T02:20:50Z,,https://github.com/CS-598-Deep-Learning-for-Healthcare/Onprem-Radiology-Anomaly-Classification
BrahimMaarouf/vixora-radiology,2,0,Jupyter Notebook,2026-03-26T10:59:46Z,"AI system for chest X-ray analysis using deep learning. Classifies images (Normal/Pneumonia), outputs confidence score, and provides Grad-CAM visualization. Built with CNNs and transfer learning (ResNet, VGG, EfficientNet) with a simple web interface for fast, reliable diagnosis support.",https://github.com/BrahimMaarouf/vixora-radiology
Vignesh-Thiagarajan-DS/Clinical-Vision-Deep-Learning-Classifier,2,1,Jupyter Notebook,2025-08-23T22:40:02Z,Using Deep Learning and Computer Vision for automated Pathology Classification in radiology. This PyTorch project applies a CNN with Transfer Learning to showcase proof-of-concept for an AI-assisted diagnostic workflow.,https://github.com/Vignesh-Thiagarajan-DS/Clinical-Vision-Deep-Learning-Classifier
rtharungowda/Covid19-xray-classifier,2,1,Jupyter Notebook,2020-04-21T16:02:35Z,BInary classification of chest radiology  (x-ray) images of potential covid-19 patients through deep learning,https://github.com/rtharungowda/Covid19-xray-classifier
LisongDai/ReportGuidedNet,2,1,Python,2023-09-20T04:18:37Z,A deep learning model for brain lesion detection guided by a knowledge derived from radiology reports,https://github.com/LisongDai/ReportGuidedNet
shahanHasan/Chest-X-ray-Classification,2,0,Jupyter Notebook,2024-12-12T23:05:50Z,"Application of Deep Learning Algorithms alongside Explainable AI (Grad-cam, attention visualization) for the Classification of Infectious Diseases in Chest Radiological images.",https://github.com/shahanHasan/Chest-X-ray-Classification
chestrad/histological_basis,2,0,Python,2022-03-11T03:18:49Z,"Code used for ""Histopathologic basis for a Chest CT Deep Learning Survival Prediction Model in Patients with Lung Adenocarcinoma"", which was submitted to Radiology",https://github.com/chestrad/histological_basis
was-siri-us/Radix.Ai,2,1,Python,2024-03-22T16:39:10Z,"Radix.ai automates report generation by using Deep Learning to detect pulmonary abnormalities in chest X-rays and transformer models to create detailed radiology reports, all within an intuitive web application.",https://github.com/was-siri-us/Radix.Ai
XinRuiZhou0106/CaroNet-Dynamic-2.0,2,0,Python,2025-06-16T10:26:47Z,Codes for European Journal of Radiology (EJR) 2025 paper. Human‒machine interaction based on real-time explainable deep learning for higher accurate grading of carotid stenosis from transverse B-mode scan videos.,https://github.com/XinRuiZhou0106/CaroNet-Dynamic-2.0
Mmat97/RadAlert,2,1,Jupyter Notebook,2025-10-22T19:04:41Z,RadAlert is a first-of-its-kind multimodal deep learning system that integrates radiological imaging data and electronic health record (EHR) features to predict the likelihood of malignancy in breast MRI scans with human-context awareness.,https://github.com/Mmat97/RadAlert
ClownMonster/Covid19_Detection_Using_Xrays,2,3,Python,2020-05-31T01:26:55Z,"Using Pythons Machine Learning And Deep Learning libraries, making an attempt to create a model which can  detect the covid infected patients  from their chest X-ray",https://github.com/ClownMonster/Covid19_Detection_Using_Xrays
arafatfahim/COVID19-Detection-using-ChestXRay,2,0,,2021-10-05T18:32:27Z,Deep Learning Project,https://github.com/arafatfahim/COVID19-Detection-using-ChestXRay
NadiaKhodaei/ChestXRay_Medical_Diagnosis_Deep_Learning,2,0,Jupyter Notebook,2022-09-15T10:05:29Z,Chest x ray medical diagnosis,https://github.com/NadiaKhodaei/ChestXRay_Medical_Diagnosis_Deep_Learning
d33pster/COVID-19-DL-ChestXray,2,0,Python,2023-04-21T23:45:11Z,Deep Learning Based Coronavirus (COVID-19) detection using chest Xrays,https://github.com/d33pster/COVID-19-DL-ChestXray
JVedant/ChestXray-Pneumonia,2,0,Python,2020-11-28T04:32:10Z,webapp based on flask to classify xray's into pneumonia containing or not using Deep Learning,https://github.com/JVedant/ChestXray-Pneumonia
sabya10-4/covid-chest-xray,2,0,Jupyter Notebook,2021-01-05T04:18:03Z,Deep learning model to predict covid from chest x-rays,https://github.com/sabya10-4/covid-chest-xray
yashwardhan-gautam/Chest-Xray-analysis,2,1,Jupyter Notebook,2020-03-05T06:05:17Z,Detecting lung diseases from analysis of chest using deep learning model,https://github.com/yashwardhan-gautam/Chest-Xray-analysis
paul-data-science/Deep-Learning-Covid-CXR,2,0,Jupyter Notebook,2020-11-18T16:11:56Z,NJIT CS677 Deep Learning Project Explainability of Covid Chest Xrays,https://github.com/paul-data-science/Deep-Learning-Covid-CXR
deepakkumar-ml/Chest-Xray-Pneumonia-Detection,2,0,Jupyter Notebook,2026-05-24T09:46:54Z,Deep Learning project for Pneumonia Detection using Chest X-Ray images.,https://github.com/deepakkumar-ml/Chest-Xray-Pneumonia-Detection
IeeeXpert/Chest-Xray-Pulmonary-Tuberculosis-Detection-using-Deep-learning,2,0,,2021-09-22T10:48:25Z,,https://github.com/IeeeXpert/Chest-Xray-Pulmonary-Tuberculosis-Detection-using-Deep-learning
abshubh/Covid-19-Detection-using-Chest-Xray-Images-through-Deep-Learning,2,0,MATLAB,2020-10-19T14:29:23Z,,https://github.com/abshubh/Covid-19-Detection-using-Chest-Xray-Images-through-Deep-Learning
aakashratha1006/Chest-Xray-COVID-Detection-CNN,2,0,Jupyter Notebook,2020-06-04T17:09:54Z,"Detecting COVID-19 in chest xray images(Input) with keras, tensorflow and deep learning - used Convolutional Neural Networks (CNN).",https://github.com/aakashratha1006/Chest-Xray-COVID-Detection-CNN
sa1ah-ai/chest-xray-pneumonia-detector,2,0,Jupyter Notebook,2025-07-12T17:52:36Z,"End-to-end deep learning pipeline for automated pneumonia diagnosis from chest X-ray images. Utilizes EfficientNetB4, data augmentation, and comprehensive evaluation with clear visualizations.",https://github.com/sa1ah-ai/chest-xray-pneumonia-detector
NightKnight-nx2/chest-xray-pneumonia-detection,2,0,Python,2026-04-08T16:29:11Z,"A deep learning image classification project for pneumonia detection from chest X-rays, focusing on class imbalance management, medical metric optimization, and model interpretability using Grad-CAM.",https://github.com/NightKnight-nx2/chest-xray-pneumonia-detection
Daniel-Sensei/chest-xray-multitask-ai,2,0,Jupyter Notebook,2026-02-05T12:51:06Z,"Multi-task Deep Learning framework for Chest X-Ray analysis. Combines CheXNet and custom GPT-2 to perform Image Reconstruction, Binary Classification (Normal/Abnormal), and Automated Medical Report Generation.",https://github.com/Daniel-Sensei/chest-xray-multitask-ai
hitashu/Chest-XRay-Predictions,2,1,Jupyter Notebook,2020-01-25T23:41:08Z,"Pneumonia is a very common disease. It can be either: 1) Bacterial pneumonia 2) Viral Pneumonia 3) Mycoplasma pneumonia and 4) Fungal pneumonia. This dataset consists pneumonia samples belonging to the first two classes. The dataset consists of only very few samples and that too unbalanced. The aim of this kernel is to develop a robust deep learning model from scratch on this limited amount of data. We all know that deep learning models are data hungry but if you know how things work, you can build good models even with a limited amount of data",https://github.com/hitashu/Chest-XRay-Predictions
Sneheshdutta/Pneumonic-Lungs-Detection-Android-App,2,0,Java,2021-07-02T14:59:50Z,An Deep learning Based android app to detect pneumonia from chest Xray,https://github.com/Sneheshdutta/Pneumonic-Lungs-Detection-Android-App
creatorpiyush/ml_chest_xray_covid19,2,0,Jupyter Notebook,2020-07-21T04:03:59Z,"Varshney Y., Anand P., Krishna A., Nagrath P., Jain R. (2021) Detection of COVID-19 by X-rays Using Machine Learning and Deep Learning Models. In: Singh P.K., Wierzchoń S.T., Tanwar S., Ganzha M., Rodrigues J.J.P.C. (eds) Proceedings of Second International Conference on Computing, Communications, and Cyber-Security. Lecture Notes in Networks and Systems, vol 203. Springer, Singapore.",https://github.com/creatorpiyush/ml_chest_xray_covid19
uhbhy/Chest-XRay-Covid-Detection-App,2,0,Python,2024-06-07T07:29:06Z,"Streamlit-based web application for Covid-19 detection from chest X-ray images. The app offers image enhancement features like contrast and brightness adjustment, followed by a diagnosis module utilizing a deep learning model. Users can upload X-ray images for processing and receive real-time diagnosis results.",https://github.com/uhbhy/Chest-XRay-Covid-Detection-App
LaurentVeyssier/Detecting-COVID-19-with-chest-X-Ray-using-PyTorch,2,1,Jupyter Notebook,2020-10-02T13:52:16Z,Deep learning model to classify XRay Scan images between 3 classes and detect COVID19,https://github.com/LaurentVeyssier/Detecting-COVID-19-with-chest-X-Ray-using-PyTorch
Wayne3918/Lung-CT-nodule-segmentation-using-multi-resolution-neural-networks,2,0,Python,2022-06-21T09:08:35Z,,https://github.com/Wayne3918/Lung-CT-nodule-segmentation-using-multi-resolution-neural-networks
SoundaryaDube/surgical-segmentation-app,2,0,Python,2025-08-29T05:59:22Z,Developed an AI-driven diagnostic tool that processes MRI/CT scans using convolutional neural networks (CNNs) to detect tumors and abnormalities with high accuracy.,https://github.com/SoundaryaDube/surgical-segmentation-app
GitHub-TXZ/CaW-Segmentation-and-Detection,2,0,Python,2023-04-08T13:49:20Z,Codes and Tools for manuscript “A Two-Stage Convolutional Neural Network for Segmentation and Detection of Carotid Web on CT Angiography” submitted to Journal of NeuroInterventional Surgery,https://github.com/GitHub-TXZ/CaW-Segmentation-and-Detection
SarielMa/SPIE2023,2,0,Python,2023-01-24T17:45:37Z,Towards Lifting the Trade-off between Accuracy and Adversarial Robustness of Deep Neural Networks with Application on COVID 19 CT Image Classification and Medical Image Segmentation,https://github.com/SarielMa/SPIE2023
OliverAust/Tib-Cort-Seg,2,0,Python,2021-12-21T13:02:51Z,"Documentation and Model of the results presented in the publication ""Tibia Cortical Bone Segmentation in Micro-CT and X-ray Microscopy Data Using a Single Neural Network"" published in Bildverarbeitung für die Medizin (BVM) conference 2022.",https://github.com/OliverAust/Tib-Cort-Seg
Dipannoy/DICOM_GNN,2,0,Python,2021-11-05T10:08:07Z,"Graph Neural Network was applied on DICOM CT scan data set to explore the pixel patterns. We had a CT scan data series of a patient. Each CT slice has been converted to a graph structure where each node of the graph indicates a specific superpixel. The superpixels have been generated with a segmentation algorithm. Then the distances between nodes/superpixels have been calculated. After that, each graph-structured CT slice is trained with a Graph Convolutional Neural Network. After the completion of the training phase, the GNN has been operated over few slices for checking the predicted pixel arrangement of the slice. And the result was quite satisfactory.",https://github.com/Dipannoy/DICOM_GNN
nikshak/Pneumonia-Detection-using-Image-Classification,2,1,Jupyter Notebook,2021-06-06T15:35:22Z,The implementation of clinical-decision support algorithms for medical imaging faces challenges with reliability and interpretability.  We strive to demonstrate the applicability of our Artificial Intelligence system for diagnosis of pediatric pneumonia using chest X-ray images. Goal: Use various neural network deep learning machine learning models to detect pneumonia on pediatric chest X-rays,https://github.com/nikshak/Pneumonia-Detection-using-Image-Classification
afiosman/deep-learning-based-bone-age-estimation,2,0,,2024-03-26T00:59:04Z,Develop a deep learning-based model utilizing a fully connected convolutional neural network (CNN) to predict bone age from left-hand radiographs.,https://github.com/afiosman/deep-learning-based-bone-age-estimation
MRToghyani/RSNA-Bone-Age-Challenge,2,0,Jupyter Notebook,2024-06-09T10:27:24Z,Develop a deep learning model for automated bone age assessment using  hand X-ray images,https://github.com/MRToghyani/RSNA-Bone-Age-Challenge
AshleyAlexJacob/Bone-Age-Prediction-Web-Application-Using-Deep-Learning-,2,0,Python,2022-09-08T07:57:10Z,,https://github.com/AshleyAlexJacob/Bone-Age-Prediction-Web-Application-Using-Deep-Learning-
IBRADAT/Application-of-TW3-Method,2,0,Jupyter Notebook,2022-01-02T23:19:58Z,"Bone Age Assessment using TW3 method, Deep learning and machine learning algorithms",https://github.com/IBRADAT/Application-of-TW3-Method
alishelton/summerdeeplearning,2,0,Python,2017-08-17T04:44:19Z,Deep learning files for training and analyzing deep learning models on hip and spine scans to predict adolescent bone age.,https://github.com/alishelton/summerdeeplearning
PhilippeMoussalli/Deep-learning-pipeline-for-radiology-department-of-UZ-Leuven-Hospital,1,2,Python,2021-02-04T21:31:59Z,Design project for implementing a clinical pipeline to automate the process of delineation of brain tumors,https://github.com/PhilippeMoussalli/Deep-learning-pipeline-for-radiology-department-of-UZ-Leuven-Hospital
gursmeep404/Radiology,1,0,Jupyter Notebook,2025-06-17T07:45:25Z,Fine tuned T5- small model to extract structured labels from radiologist reports. Used to create labelled dataset for deep learning model training by converting unstructured diagnosis text into five key fields.,https://github.com/gursmeep404/Radiology
arvinhm/RadiologyDeepLearning,1,0,Python,2024-06-14T22:31:53Z,,https://github.com/arvinhm/RadiologyDeepLearning
falco-tigris/CS577_DeepLearning_Project,1,0,Jupyter Notebook,2023-10-17T15:25:56Z,Repository for CS577 Deep Learning Project on Radiology Report Generation,https://github.com/falco-tigris/CS577_DeepLearning_Project
harimenshi-et-al/RadiologyAI,1,0,Python,2026-02-03T01:11:10Z,"Deep learning AI classifying chest X-rays into five categories using 100,000+ images. Includes preprocessing, CNN training, and prediction evaluation, highlighting reproducible research, experimental design, and automated identification of common radiologic pathologies.",https://github.com/harimenshi-et-al/RadiologyAI
siavash-trm/Radiology-agentic-system,1,0,Jupyter Notebook,2025-09-05T19:16:52Z,"A multimodal  deep learning framework for glioma 3D segmentation, radiology report generation ,radiogenomic analysis  and treatment plan",https://github.com/siavash-trm/Radiology-agentic-system
nitindw/Radiology_Report_Generation_Using_Transformer,1,0,,2024-08-03T13:27:58Z,A python script transformer model(Deep Learning) based used to generate radiology report for a X-Image.,https://github.com/nitindw/Radiology_Report_Generation_Using_Transformer
MarshalLeeeeee/Lung-nodule-segmentation-and-cancer-prediction-based-on-CT-Image,1,4,Jupyter Notebook,2018-03-19T08:29:06Z,Using neural network to implement lung nodule segmentation and cancer prediction based on CT Image,https://github.com/MarshalLeeeeee/Lung-nodule-segmentation-and-cancer-prediction-based-on-CT-Image
ArthurEglin/Foot-image-segmentation-project_ME-482,1,2,Jupyter Notebook,2023-04-05T16:33:05Z,Train an artificial neural network to perform segmentation of bones in CT scans of the foot in order to reconstruct a volumetric object representing the foot in 3D.,https://github.com/ArthurEglin/Foot-image-segmentation-project_ME-482
Jalalbaim/Multi-Category-Semantic-Segmentation-on-CT-scans-Using-Deep-Neural-Networks,1,0,Jupyter Notebook,2024-11-20T13:21:40Z,Multi-Category-Semantic-Segmentation-on-CT-scans-Using-Deep-Neural-Networks,https://github.com/Jalalbaim/Multi-Category-Semantic-Segmentation-on-CT-scans-Using-Deep-Neural-Networks
Ohlomonchick/COVID-CT-segmentation-system,1,0,JavaScript,2021-08-13T13:31:23Z,A neural network able to segment lung damage,https://github.com/Ohlomonchick/COVID-CT-segmentation-system
imsidharthj/3D_image_segmentation,1,0,Python,2024-09-17T17:29:37Z,3d model uisng v net convolutional neural network algorithams in Medical Image segmentation of abdominal organs from CT scans,https://github.com/imsidharthj/3D_image_segmentation
For-Anonymous-Use/CaWs-Segmentation-and-Detection,1,0,Python,2024-05-04T12:49:12Z,Codes and Tools for manuscript “A Two-Stage Convolutional Neural Network for Segmentation and Detection of Carotid Web on CT Angiography” submitted to Journal of NeuroInterventional Surgery,https://github.com/For-Anonymous-Use/CaWs-Segmentation-and-Detection
vsanker21/Deep-Learning-Based-Vertebrae-and-Tumor-Segmentation-in-CT-Imaging,1,0,Jupyter Notebook,2025-12-31T05:51:13Z,This study presents a deep learning framework for automated vertebrae and tumor segmentation on CT imaging and directly compares the utility of radiomics versus convolutional neural network (CNN) features for metastasis subtype classification.,https://github.com/vsanker21/Deep-Learning-Based-Vertebrae-and-Tumor-Segmentation-in-CT-Imaging
Ibrahimumutdoruk/Stroke_Detection-and-Segmentation-by-Using-CNN-ML,1,0,Python,2025-04-28T20:46:04Z,"In this project, a convolutional neural network (CNN)  and Machine Learning (ML)based on architecture was developed to classify stroke CT images into three categories: non-stroke, hemorrhage, and ischemic.",https://github.com/Ibrahimumutdoruk/Stroke_Detection-and-Segmentation-by-Using-CNN-ML
SaifSaduddin/Medical-Image-Segmentation-using-Unsupervised-CNN,1,0,Jupyter Notebook,2022-07-14T18:54:02Z,"For my Master's thesis project, I am working with two medical image dataset (Brain image data i.e. CT and DynaCT) to firstly, segment them and then find the similarity between them using an unsupervised Convolution Neural Network (CNN) technique.",https://github.com/SaifSaduddin/Medical-Image-Segmentation-using-Unsupervised-CNN
w1a2ng/UD-Net,1,1,,2022-02-22T03:32:51Z,"In recent years, the mortality rate of patients with rectal cancer is increasing. CT rectal examination is of great value in the survival rate of patients with early rectal cancer. Based on this, the project firstly used the CT image of rectal cancer and its corresponding mask image as the research object, and proposed a rectal tumor segmentation model combining U-Net and DenseNet. This model makes full use of the ability of neural network feature learning to effectively extract the rectum. Tumor characteristics information, accurate segmentation of the rectal tumor area, the experimental accuracy reached more than 90%. Furthermore, a rectal tumor classification model based on 3D convolutional neural network is proposed. This model uses the lymph nodes of the rectal tumor region to transfer to the research object, constructs a three-dimensional tensor of the tumor region information, and obtains the classification result of the rectal tumor. The classification accuracy is achieved. 65%.",https://github.com/w1a2ng/UD-Net
nchams/Classifying-Pediatric-Skin-Condtions,1,0,Jupyter Notebook,2019-10-13T22:10:09Z,Classifying Images of Pediatric Skin Conditions with Deep Learning,https://github.com/nchams/Classifying-Pediatric-Skin-Condtions
avielbl/pnx_detector,1,0,,2026-03-26T14:46:57Z,Deep learning model for pneumonia detection from pediatric chest X-ray images,https://github.com/avielbl/pnx_detector
angeanto/Chest-X-Ray-Pneumonia-Detection-with-keras-CNN,1,3,Jupyter Notebook,2018-10-14T07:22:00Z,"The aim of this kernel is to develop a robust deep learning model which classifies whether a chest X- ray image proves pneumonia or not. Finally the network classifies successfully the 87% of the test data. Chest X-ray images (anterior-posterior) were selected from retrospective cohorts of pediatric patients of one to five years old from Guangzhou Women and Children’s Medical Center, Guangzhou. All chest X-ray imaging was performed as part of patients’ routine clinical care.",https://github.com/angeanto/Chest-X-Ray-Pneumonia-Detection-with-keras-CNN
vadimbs/identifying-pneumonia-disease,1,0,Jupyter Notebook,2021-12-03T13:10:20Z,The model was built for prediction pediatric pneumonia on chest X-rays by image-based deep learning,https://github.com/vadimbs/identifying-pneumonia-disease
Tonthanhdat/ML-Pneumonia-Detection,1,0,Jupyter Notebook,2025-09-26T01:49:05Z,Improved Automated Pneumonia Detection Using  Deep Transfer Learning Enhanced with Attention  Mechanisms in Pediatric Chest X-ray Images,https://github.com/Tonthanhdat/ML-Pneumonia-Detection
karthik2369/AI-powered-glaucoma-detection-system-using-deep-learning,1,1,Jupyter Notebook,2025-05-30T03:45:00Z,"Develop a deep learning-based model (MobileNetV2) for detecting pediatric glaucoma from fundus & OCT images.Incorporate transfer learning with pre-trained models (VGG16, ResNet50) to manage limited data. Use image augmentation to enhance generalization and model robustness.Deploy the trained model into a web-based platform for real-time diagnosis.",https://github.com/karthik2369/AI-powered-glaucoma-detection-system-using-deep-learning
beingujjwalraj/Pneumonia-Classification-from-Chest-X-Ray-Images,1,0,Jupyter Notebook,2025-04-26T13:18:25Z,"This project employs deep learning to classify pediatric chest X-ray images as pneumonia or normal using VGG16 and a custom CNN, featuring a Flask web app for user-friendly predictions.",https://github.com/beingujjwalraj/Pneumonia-Classification-from-Chest-X-Ray-Images
xiaohaiwang-web/BoneAge-Prediction-Tool,1,0,Python,2026-04-18T15:05:19Z,基于深度学习的儿童骨龄预测桌面工具 / A deep learning-based desktop tool for pediatric bone age assessment from hand X-ray images.,https://github.com/xiaohaiwang-web/BoneAge-Prediction-Tool
gjoshi22/Medical_MNIST,1,0,Jupyter Notebook,2023-08-19T18:23:48Z,"🧑‍💼 A deep learning model capable of detecting signs of pneumonia in pediatric chest X-Ray images. Utilized the PneumoniaMNIST dataset, achieving a test AUC of 0.9205, thus potentially aiding early diagnosis.",https://github.com/gjoshi22/Medical_MNIST
sheeCancode/leukemia-detection-cnn,1,0,Jupyter Notebook,2025-11-02T20:55:12Z,A deep learning research project using Convolutional Neural Networks (CNNs) to support early detection of Acute Lymphoblastic Leukemia (ALL) in children through automated analysis of blood smear images. Built as part of my research focus in AI/ML for pediatric oncology.,https://github.com/sheeCancode/leukemia-detection-cnn
DineshVangumalli/deep-learning,1,2,Jupyter Notebook,2018-04-09T20:16:12Z,Predicting Bone Age from Radiographs using Deep Learning,https://github.com/DineshVangumalli/deep-learning
pxu4114/bone-age-kaggle,1,0,Python,2018-11-09T17:29:36Z,Predicting the age of the bone using machine learning and deep learning methods,https://github.com/pxu4114/bone-age-kaggle
AmitAK1/Automated-Bone-Age-Estimation-using-Deep-Learning,1,0,Jupyter Notebook,2025-12-16T12:05:39Z,"Deep learning system for automated pediatric bone age estimation from hand X-rays using Xception and transfer learning, achieving R² = 0.9169 and MAE = 9.04 months with low gender bias and Grad-CAM explainability.",https://github.com/AmitAK1/Automated-Bone-Age-Estimation-using-Deep-Learning
itzel-izzy/Bone-age-assessment-,1,0,Jupyter Notebook,2025-09-17T13:51:09Z,"A CNN-based model was developed to predict bone age from medical X-ray images. This deep learning project utilized TensorFlow and Keras, applying techniques like image preprocessing, augmentation, and transfer learning to enhance accuracy and demonstrate the practical application of AI in healthcare.",https://github.com/itzel-izzy/Bone-age-assessment-
pratik-99/Bone-Age-Prediction,1,0,Jupyter Notebook,2021-03-03T06:08:49Z,"This is a software  based solution using deep learning to predict the age of a person below 18 years, using the X-ray image of a hand not requiring any medical expertise",https://github.com/pratik-99/Bone-Age-Prediction
Raghavendra752001/-A-Study-on-Big-Data-Analytics-Pipeline-for-Bone-Age-Prediction-in-Healthcare,1,0,Jupyter Notebook,2025-06-24T06:40:12Z,"🔍 A Study on Big Data Analytics Pipeline for Bone Age Prediction in Healthcare This project explores the use of Big Data tools (Hadoop, Spark, Hive) and deep learning (TensorFlow) to build a scalable pipeline for automated bone age prediction. It demonstrates how AI and analytics can enhance medical diagnostics and decision-making.",https://github.com/Raghavendra752001/-A-Study-on-Big-Data-Analytics-Pipeline-for-Bone-Age-Prediction-in-Healthcare
mdsalimshahed/organ-segmentation,0,0,Jupyter Notebook,2023-02-28T11:14:23Z,Organ segmentation from CT scan images using deep neural networks (U-Net),https://github.com/mdsalimshahed/organ-segmentation
shirlizz/organ-segmentation,0,0,Jupyter Notebook,2021-01-08T18:07:41Z,This is a repository about organ segmentation with CT images using neural networks,https://github.com/shirlizz/organ-segmentation
Muskany03/Brain-CT-image-hemorrhage-segmentation-by-Artificial-Neural-Network,0,0,Jupyter Notebook,2022-04-21T09:56:21Z,,https://github.com/Muskany03/Brain-CT-image-hemorrhage-segmentation-by-Artificial-Neural-Network
MalcolmWigder/CTNN,0,0,Python,2025-07-29T19:16:01Z,"Cloud Tracking Neural Network: complete with segmentation, tracking, and analysis tools.",https://github.com/MalcolmWigder/CTNN
gcburgess/Deep_Learning_Pneumonia_Detection,0,1,Jupyter Notebook,2022-05-06T21:31:29Z,Classifying pneumonia from chest x-ray images in pediatric patients,https://github.com/gcburgess/Deep_Learning_Pneumonia_Detection
redoti/lillung,0,0,HTML,2023-12-19T04:25:54Z,Deep Learning Web Application - Pediatric Pneumonia Image Classification,https://github.com/redoti/lillung
AliAoun/Deep-Learning-Pediatric-Pneumonia-Detection-Classification,0,0,Jupyter Notebook,2026-01-06T09:53:33Z,"Pediatric Pneumonia Detection using Transfer Learning with DenseNet-161. This CNN-based classifier is trained on Kaggle chest X-ray data to distinguish between normal and pneumonia cases. Designed for early pediatric diagnosis, the model leverages deep feature reuse for high-efficiency medical image analysis and improved clinical outcomes.",https://github.com/AliAoun/Deep-Learning-Pediatric-Pneumonia-Detection-Classification
6cats1dog/Pediatric-Pneumonia-Image-Classification-with-Deep-Learning,0,1,Jupyter Notebook,2021-05-10T18:41:07Z,"In this project, x-ray images of pediatric patients are used to identify whether or not they have pneumonia. The dataset comes from Kermany et al. on Mendeley.",https://github.com/6cats1dog/Pediatric-Pneumonia-Image-Classification-with-Deep-Learning
deepanshubaghel/Chromaticity-Aware-Multimodal-Deep-Learning-for-Pediatric-Anemia-Screening,0,0,Python,2026-05-30T14:32:47Z,Experiment code for chromaticity-aware multimodal deep learning-based pediatric anemia screening from conjunctival images.,https://github.com/deepanshubaghel/Chromaticity-Aware-Multimodal-Deep-Learning-for-Pediatric-Anemia-Screening
Akhilmothe/Deep_Learning_Project,0,0,Jupyter Notebook,2024-07-14T13:16:57Z,This project aims to classify pediatric chest X-ray images into two categories: Normal and Pneumonia.,https://github.com/Akhilmothe/Deep_Learning_Project
thenukii/Multimodal-Deep-Learning-for-Pediatric-Pneumonia-Classification,0,0,Jupyter Notebook,2026-04-05T07:26:41Z,"This repository contains the implementation of my Final Year Individual Research Project, which focuses on developing a multimodal deep learning system for pediatric pneumonia classification using chest X-ray images and cough sound recordings.",https://github.com/thenukii/Multimodal-Deep-Learning-for-Pediatric-Pneumonia-Classification
IulianEmilTampu/BTB_DEEP_LEARNING,0,0,Jupyter Notebook,2024-04-09T12:12:48Z,Code for the analysis of the Barntumorbanken dataset for the classification of pediatric brain tumor classification in digital histopathology images.,https://github.com/IulianEmilTampu/BTB_DEEP_LEARNING
jcmej/pneumonia-xray-classification,0,0,Jupyter Notebook,2026-03-01T01:21:47Z,Deep learning-based pneumonia detection using pediatric chest  x-ray images,https://github.com/jcmej/pneumonia-xray-classification
Dhruv-Limbani/Pediatric-Pneumonia-Detection,0,0,Jupyter Notebook,2023-10-05T10:51:09Z,"Pediatric Pneumonia Detection through GAN-Based Data Augmentation using deep learning models, including CNN and transfer learning with VGG16, on chest X-ray images.",https://github.com/Dhruv-Limbani/Pediatric-Pneumonia-Detection
PrafulKumar-1/bonecheck-ai-fracture-detection-in-pediatric-x-rays-using-deep-learning,0,0,Python,2025-11-08T06:19:03Z,Develop a deep learning model to automatically detect fractures in pediatric X-ray images with improved accuracy and speed compared to traditional methods.,https://github.com/PrafulKumar-1/bonecheck-ai-fracture-detection-in-pediatric-x-rays-using-deep-learning
alayton24/Identifying-Pneumonia-with-Deep-Learning,0,0,Jupyter Notebook,2024-03-19T02:52:53Z,A deep learning model that uses X-ray images of pediatric patients to identify whether or not they have pneumonia.,https://github.com/alayton24/Identifying-Pneumonia-with-Deep-Learning
sacontreras/dsc-mod4-final-project,0,0,Jupyter Notebook,2021-05-21T03:35:16Z,Pediatric Pneumonia X-Ray Image Classification with Deep Learning (Convolutional Neural Network),https://github.com/sacontreras/dsc-mod4-final-project
Qngoc74/Resfes26,0,0,Jupyter Notebook,2026-04-05T00:42:01Z,Explainable Deep Learning for Pediatric Pneumonia Detection in Chest X-Ray Images,https://github.com/Qngoc74/Resfes26
navneet9939/PediatricSkinAl,0,0,JavaScript,2026-04-30T18:55:34Z,"The AI-powered pediatric skin assistant platform is a web-based application that analyzes skin images using deep learning models to identify possible skin conditions. It provides disease classification, confidence scores, severity levels, and explainable results using Grad-CAM.",https://github.com/navneet9939/PediatricSkinAl
Mauryagopal/Pediatric-Pneumonia-Detection,0,0,Jupyter Notebook,2025-05-21T08:49:00Z,"This project focuses on detecting pediatric pneumonia from chest X-ray images using deep learning. Leveraging the power of transfer learning with the Xception model, the system classifies images as either normal or pneumonia-infected with high accuracy.",https://github.com/Mauryagopal/Pediatric-Pneumonia-Detection
Puplu16/Prediction-of-Pediatric-Pneumonia-in-Chest-X-Rays-using-Deep-Learning,0,0,Jupyter Notebook,2025-08-26T15:39:44Z,"This project develops a deep learning model to automatically detect pediatric pneumonia from chest X-rays. Using CNNs like ResNet and DenseNet, it classifies images to support rapid diagnosis in low-resource settings. The pipeline includes preprocessing, model training, and Grad-CAM heatmaps for interpretable results.",https://github.com/Puplu16/Prediction-of-Pediatric-Pneumonia-in-Chest-X-Rays-using-Deep-Learning
nagenshukla/bone_age,0,0,Jupyter Notebook,2026-06-10T11:55:07Z,Deep learning model for pediatric bone age estimation from hand X-ray images,https://github.com/nagenshukla/bone_age
mahdidadgar-data/chest-xray-pneumonia-detection-transfer-learning,0,0,Jupyter Notebook,2026-06-10T14:39:42Z,Deep learning and transfer learning project for pneumonia screening support from pediatric chest X-ray images,https://github.com/mahdidadgar-data/chest-xray-pneumonia-detection-transfer-learning
FarwaBanu/child-malnutrition-detection-dl,0,0,,2026-03-30T18:49:47Z,Deep learning-based system for detecting malnutrition in children using pediatric image analysis.,https://github.com/FarwaBanu/child-malnutrition-detection-dl
ayushkumar170305-blip/pneumonia-detection-app,0,0,,2026-03-08T18:34:38Z,Deep learning based pediatric pneumonia detection using chest X-ray images with web interface.,https://github.com/ayushkumar170305-blip/pneumonia-detection-app
ruccii/Pediatric-Bone-Age-Prediction,0,0,Jupyter Notebook,2026-03-12T21:23:37Z,"Deep learning system for pediatric bone age prediction from hand X-rays using CNN models. Includes preprocessing, model comparison, tuning, and a Streamlit GUI for image upload, prediction, visualization, and PDF reports.",https://github.com/ruccii/Pediatric-Bone-Age-Prediction
killariphanindra/PneumoScan-AI-Medical-Imaging-App,0,0,TypeScript,2026-04-20T09:27:52Z,"This project is an AI-powered web application designed to detect pediatric pneumonia from chest X-ray images. It leverages deep learning techniques to provide fast and accessible preliminary screening, supporting early diagnosis and improving healthcare efficiency.",https://github.com/killariphanindra/PneumoScan-AI-Medical-Imaging-App
hamzaj17/BraTS-PED-Tumor-Analysis-and-Recognition-Pipeline,0,0,Jupyter Notebook,2026-06-03T19:28:33Z,"Integrated Brain Tumor Analysis Pipeline for Pediatric BraTS MRI Using Image Processing, Feature Extraction, and Deep Learning",https://github.com/hamzaj17/BraTS-PED-Tumor-Analysis-and-Recognition-Pipeline
KarlWardin27/Bone-Age-Detection-Using-Deep-Learning,0,3,Jupyter Notebook,2020-09-18T13:53:44Z,,https://github.com/KarlWardin27/Bone-Age-Detection-Using-Deep-Learning
PooyaNasiri/Bone-Age-Prediction,0,2,Jupyter Notebook,2024-02-03T21:02:52Z,Age prediction from bone X-Ray with deep learning.,https://github.com/PooyaNasiri/Bone-Age-Prediction
seyfullah16/DeepLearningBoneAge,0,0,Jupyter Notebook,2025-06-30T11:41:46Z,,https://github.com/seyfullah16/DeepLearningBoneAge
Lohit812/Bone-Age-Prediction-Deep-Learning,0,0,Jupyter Notebook,2023-01-06T08:51:55Z,Developed a Deep Learning model that predicts the age of the bones which is used to diagnose various disorders/diseases using X-Ray images.,https://github.com/Lohit812/Bone-Age-Prediction-Deep-Learning
FabIndy/BoneAge_ELIVA25,0,0,Jupyter Notebook,2025-12-01T21:40:52Z,"Deep learning pipeline for bone age estimation (segmentation, preprocessing, EfficientNetV2, ELIVA25 inference)",https://github.com/FabIndy/BoneAge_ELIVA25
Shivang-raman/BoneAge-Prediction-using-Machine-Learning,0,0,Jupyter Notebook,2025-04-28T14:29:06Z,Automating pediatric bone age assessment using deep learning for faster and more accurate clinical diagnosis,https://github.com/Shivang-raman/BoneAge-Prediction-using-Machine-Learning
AswinGunasekaran123/Deep-Learning,0,0,Jupyter Notebook,2023-01-06T08:49:27Z,Bone age prediction using Various models to choose the best model with highest accuracy,https://github.com/AswinGunasekaran123/Deep-Learning
sonika1033/DeepBone-Predictive-Bone-Age-Assessment-through-Image-Processing-and-Deep-Learning,0,0,Jupyter Notebook,2024-04-24T18:03:14Z,,https://github.com/sonika1033/DeepBone-Predictive-Bone-Age-Assessment-through-Image-Processing-and-Deep-Learning
khaledaymansaber/-Bone-Age-Assessment-using-Deep-Learning,0,0,Jupyter Notebook,2026-02-01T14:37:47Z,,https://github.com/khaledaymansaber/-Bone-Age-Assessment-using-Deep-Learning
tvaingart/bone-age-assessment-webapp,0,0,CSS,2022-05-21T11:38:37Z,Web Application to server Deep learning model for predicting bone age,https://github.com/tvaingart/bone-age-assessment-webapp
MarcusFernando/bone-age-prediction,0,0,Jupyter Notebook,2025-05-22T19:53:13Z,Projeto de Deep Learning para estimativa da idade óssea a partir de imagens de raio-X,https://github.com/MarcusFernando/bone-age-prediction
tomvin6/bone-age-assessment-webapp,0,0,,2022-06-11T12:26:42Z,Web Application to server Deep learning model for predicting bone age,https://github.com/tomvin6/bone-age-assessment-webapp
Eliaass/Bone-age-prediction-model,0,0,Jupyter Notebook,2026-04-09T17:32:29Z,Deep learning model for bone age prediction from hand X-ray images,https://github.com/Eliaass/Bone-age-prediction-model
devanshs-ai/BoneAge,0,0,Jupyter Notebook,2025-04-07T08:24:44Z,"This system automates bone age prediction from hand X-ray images using a deep learning pipeline. Leveraging a ResNet50 model and techniques like CLAHE preprocessing and data augmentation, it achieves a Mean Absolute Error (MAE) of approximately 6.2 months. The system offers a streamlined workflow for automated bone age assessment and diagnostics.",https://github.com/devanshs-ai/BoneAge
sawan-bagle/bone-age-prediction-xray,0,0,Python,2025-12-30T20:34:07Z,"Deep learning–based bone age estimation from hand X-ray images using CNN, transfer learning, and ensemble modeling.",https://github.com/sawan-bagle/bone-age-prediction-xray
SanjithaP/Bone-Age-Assessment,0,0,Jupyter Notebook,2026-01-10T03:58:27Z,Deep learning model for predicting bone age from pediatric hand X-rays using attention mechanisms and graph neural networks.,https://github.com/SanjithaP/Bone-Age-Assessment
olgun-yilmaz/BoneAgePredict,0,0,Jupyter Notebook,2025-01-31T16:04:22Z,"This project aims to predict bone age using the xCeption model on a dataset obtained from Kaggle. By leveraging deep learning techniques, the goal is to accurately predict individuals' bone age from radiographic images.",https://github.com/olgun-yilmaz/BoneAgePredict
FlatNineOrg/medilab-boneage,0,0,Python,2026-03-12T10:00:43Z,Modern open-source bone age assessment from pediatric hand X-rays using deep learning.,https://github.com/FlatNineOrg/medilab-boneage
akshith120/Bone-Age-Prediction,0,0,,2025-12-18T09:43:07Z,A deep learning solution for automated bone age assessment from pediatric hand X-ray images using advanced CNN architectures with clinical-grade accuracy.,https://github.com/akshith120/Bone-Age-Prediction
